<?xml version="1.0" encoding="UTF-8"?>
<!-- Product Version: Vivado v2018.2 (64-bit)                     -->
<!--                                                              -->
<!-- Copyright 1986-2018 Xilinx, Inc. All Rights Reserved.        -->

<hwsession version="1" minor="2">
  <device name="xc7a35t_0" gui_info=""/>
  <ObjectList object_type="hw_device" gui_info="">
    <Object name="xc7a35t_0" gui_info="">
      <Properties Property="PROGRAM.HW_BITSTREAM" value="C:/Users/Gowtham/Desktop/test_2 _initial_vga_1/test_2 _initial_vga_1/VGA_1/VGA_1.runs/impl_1/vga_syncIndex.bit"/>
      <Properties Property="SLR.COUNT" value="1"/>
    </Object>
  </ObjectList>
  <probeset name="hw project" active="false"/>
</hwsession>
